id,feature1,feature2,time

0,1,0,0.206520219143

1,0,0,0.233725001118

2,0,1,0.760992754734

3,1,1,0.92776979943

4,1,0,0.569711498585

5,0,1,0.99224586863

6,0,0,0.593264390713

7,1,0,0.694181201747

8,1,1,0.823812651856

9,0,1,0.906011017725